School,G,W,L,W - L %,SRS,SOS,W,L,W,L,W,L,Tm., Opp., ,MP,FG,FGA,FG %,3P,3PA,3P %,FT,FTA,FT %,ORB,TRB,AST,STL,BLK,TOV,PF,InNCAA
Air Force,28,8,20,.286,-5.07,2.58,4,10,,,,,1889,2046,,,654,1673,.391,184,590,.312,397,610,.651,412,1009,336,243,53,408,587,0
Akron,28,17,11,.607,3.44,1.32,11,7,,,,,2126,2009,,,705,1574,.448,131,406,.323,585,767,.763,316,981,431,226,89,389,505,0
Alabama A&M,28,18,10,.643,-12.27,-12.07,14,4,,,,,2126,2036,,,764,1929,.396,168,550,.305,430,661,.651,530,1196,386,366,99,510,548,0
Alabama-Birmingham,28,14,14,.500,3.41,4.94,7,9,,,,,2053,2096,,,737,1771,.416,145,466,.311,434,664,.654,411,1084,365,257,87,451,566,0
Alabama State,28,13,15,.464,-16.56,-12.35,10,8,,,,,1867,1931,,,648,1551,.418,144,446,.323,429,672,.638,367,1045,341,238,83,530,473,0
Alabama,29,13,16,.448,7.44,7.62,6,10,,,,,2094,2099,,,715,1665,.429,186,540,.344,478,673,.710,412,1212,312,184,120,,,0
Albany (NY),28,11,17,.393,-15.51,-9.59,,,,,,,1828,1920,,,663,1545,.429,236,649,.364,266,385,.691,249,859,402,234,111,468,493,0
Alcorn State,29,19,10,.655,-9.90,-11.60,15,3,,,,,2161,2036,,,767,1727,.444,135,455,.297,458,654,.700,460,1177,410,300,71,549,555,0
American,29,11,18,.379,-6.13,-3.42,5,11,,,,,1904,1962,,,714,1778,.402,118,411,.287,358,566,.633,419,1103,376,274,118,476,561,0
Appalachian State ,32,23,9,.719,2.49,-3.75,13,3,,,,,2530,2228,,,915,1882,.486,200,515,.388,500,705,.709,374,1151,534,325,127,506,627,1
Arizona State,32,19,13,.594,12.11,8.75,10,8,,,,,2539,2395,,,924,2127,.434,162,481,.337,529,726,.729,503,1236,516,274,87,485,776,0
Arizona ,34,27,7,.794,18.97,9.70,15,3,,,,,2599,2284,,,904,1976,.457,155,482,.322,636,871,.730,412,1306,537,255,192,510,496,1
Little Rock,28,4,24,.143,-12.17,-2.77,1,15,,,,,1885,2148,,,662,1493,.443,182,505,.360,379,551,.688,268,851,329,151,60,424,578,0
Arkansas-Pine Bluff,27,6,21,.222,-24.29,-10.05,5,13,,,,,1828,2164,,,667,1568,.425,95,359,.265,399,667,.598,353,1042,327,277,91,591,534,0
Arkansas State,28,10,18,.357,-4.73,-0.48,7,9,,,,,2004,2123,,,714,1637,.436,191,569,.336,385,547,.704,307,951,423,215,66,426,552,0
Arkansas ,34,19,15,.559,12.37,7.76,7,9,,,,,2529,2372,,,931,2168,.429,292,832,.351,375,622,.603,451,1159,458,379,120,494,705,1
Army,28,5,23,.179,-19.89,-6.43,2,10,,,,,1482,1796,,,536,1476,.363,132,429,.308,278,449,.619,307,903,266,222,62,516,600,0
Auburn ,34,24,10,.706,13.59,8.20,9,7,,,,,2423,2190,,,874,2118,.413,227,695,.327,448,684,.655,533,1335,438,247,110,450,582,1
Austin Peay,28,18,10,.643,0.95,-3.29,11,7,,,,,2110,1949,,,797,1618,.493,160,438,.365,356,492,.724,326,994,426,175,106,396,448,0
Ball State ,31,22,9,.710,7.84,3.17,11,7,,,,,2300,2138,,,834,1840,.453,215,538,.400,417,681,.612,398,1138,428,258,131,420,530,1
Baylor,29,14,15,.483,2.20,4.59,4,12,,,,,1933,1966,,,686,1622,.423,207,639,.324,354,550,.644,332,1034,429,257,129,496,492,0
Belmont,28,7,21,.250,-10.98,-1.39,,,,,,,1923,2107,,,633,1521,.416,273,776,.352,384,539,.712,291,919,412,154,46,429,538,0
Bethune-Cookman,29,14,15,.483,-8.85,-9.63,12,6,,,,,2186,2178,,,773,1775,.435,182,506,.360,458,686,.668,372,1073,397,242,65,497,676,0
Boise State,27,12,15,.444,0.54,0.51,6,10,,,,,1680,1679,,,597,1348,.443,129,368,.351,357,549,.650,296,809,291,211,55,476,537,0
Boston College,30,11,19,.367,4.21,5.07,3,13,,,,,2049,2075,,,725,1770,.410,165,547,.302,434,610,.711,415,1069,348,279,103,492,566,0
Boston University,29,7,22,.241,-14.27,-6.51,5,13,,,,,1758,1987,,,627,1524,.411,172,497,.346,332,483,.687,297,952,358,185,65,449,558,0
Bowling Green State,30,22,8,.733,3.34,0.79,14,4,,,,,2251,2115,,,777,1578,.492,147,403,.365,550,740,.743,252,963,466,200,56,436,532,0
Bradley,30,14,16,.467,5.25,3.88,10,8,,,,,1968,1927,,,721,1669,.432,108,361,.299,418,636,.657,388,1066,400,259,87,452,602,0
Brigham Young,33,22,11,.667,9.54,3.54,7,7,,,,,2328,2107,,,795,1725,.461,192,515,.373,546,784,.696,300,1118,478,236,73,455,640,0
Brown,27,8,19,.296,-15.14,-8.95,4,10,,,,,1837,2004,,,629,1537,.409,156,485,.322,423,615,.688,321,937,383,195,57,425,582,0
Bucknell,28,17,11,.607,-5.50,-6.76,8,4,,,,,1790,1719,,,634,1419,.447,111,346,.321,411,580,.709,297,983,385,190,131,488,545,0
Buffalo,28,5,23,.179,-14.00,1.46,3,15,,,,,1878,2311,,,636,1614,.394,170,544,.313,436,661,.660,332,1000,356,197,117,523,524,0
Butler ,31,23,8,.742,12.23,0.01,12,2,,,,,2107,1728,,,753,1599,.471,153,406,.377,448,680,.659,322,1054,430,237,88,391,513,1
Cal Poly,28,10,18,.357,-5.59,-0.11,5,11,,,,,2189,2280,,,739,1655,.447,227,615,.369,484,671,.721,315,966,383,150,74,405,503,0
Cal State Fullerton,27,8,19,.296,-9.37,-1.21,3,13,,,,,1940,2104,,,700,1554,.450,163,472,.345,377,535,.705,282,884,349,165,71,399,495,0
Cal State Northridge,30,20,10,.667,4.07,0.41,10,6,,,,,2329,2208,,,858,1812,.474,202,563,.359,411,651,.631,379,1110,550,277,94,468,678,0
UC-Irvine,28,14,14,.500,-3.51,-0.77,7,9,,,,,1877,1893,,,655,1472,.445,169,483,.350,398,537,.741,271,907,345,176,70,416,547,0
UC-Santa Barbara,28,14,14,.500,1.04,0.16,10,6,,,,,1869,1823,,,659,1590,.414,171,510,.335,380,551,.690,351,1104,426,211,75,454,521,0
University of California,33,18,15,.545,9.65,8.62,7,11,,,,,2375,2341,,,850,1926,.441,180,528,.341,495,726,.682,416,1175,469,235,89,491,596,0
Campbell,28,12,16,.429,-13.19,-6.08,10,8,,,,,1760,1959,,,629,1450,.434,212,590,.359,290,416,.697,266,876,404,168,80,421,459,0
Canisius,30,10,20,.333,-8.87,-3.81,8,10,,,,,2189,2341,,,783,1817,.431,173,507,.341,450,648,.694,415,1135,477,211,103,505,618,0
Centenary (LA),28,10,18,.357,-9.88,-1.61,,,,,,,1780,1924,,,618,1511,.409,153,437,.350,391,580,.674,,1000,280,152,51,442,587,0
Central Connecticut State ,31,25,6,.806,0.42,-9.55,15,3,,,,,2282,1973,,,832,1845,.451,148,416,.356,470,665,.707,443,1262,451,276,156,479,554,1
Central Florida,32,14,18,.438,-6.47,-4.85,10,8,,,,,2293,2320,,,837,1854,.451,233,586,.398,386,608,.635,390,1132,473,233,119,486,590,0
Central Michigan,29,6,23,.207,-4.64,2.79,2,16,,,,,1985,2175,,,718,1635,.439,190,526,.361,359,526,.683,279,913,419,178,46,408,595,0
Charleston Southern,29,8,21,.276,-18.68,-7.10,3,11,,,,,1883,2153,,,660,1568,.421,79,320,.247,484,768,.630,400,1040,303,260,114,649,662,0
Charlotte,33,17,16,.515,10.99,8.60,7,9,,,,,2246,2167,,,797,1986,.401,266,810,.328,386,547,.706,456,1344,430,221,78,,,0
Chattanooga,29,10,19,.345,-8.02,-4.64,6,10,,,,,2018,2102,,,717,1609,.446,203,540,.376,381,610,.625,374,1023,406,190,89,459,487,0
Chicago State,28,10,18,.357,-10.64,-3.05,7,9,,,,,1832,2029,,,678,1633,.415,139,442,.314,337,527,.639,387,1011,392,187,99,436,482,0
Cincinnati ,33,29,4,.879,24.62,8.50,16,0,,,,,2560,2028,,,898,1871,.480,165,459,.359,599,854,.701,405,1277,513,236,223,448,566,1
Citadel,29,9,20,.310,-15.55,-5.67,5,10,,,,,1891,2109,,,631,1565,.403,191,546,.350,438,655,.669,355,1019,316,213,83,505,633,0
Clemson,30,10,20,.333,1.83,7.39,4,12,,,,,1933,2100,,,680,1682,.404,189,570,.332,384,572,.671,396,1173,389,146,93,462,614,0
Cleveland State,30,16,14,.533,3.19,-0.16,9,5,,,,,2265,2164,,,793,1828,.434,172,495,.347,508,731,.695,454,1122,358,265,83,488,689,0
Coastal Carolina,28,10,18,.357,-11.71,-6.64,7,7,,,,,1924,2109,,,648,1528,.424,224,551,.407,404,580,.697,328,871,308,214,45,492,574,0
Colgate,29,13,16,.448,-11.22,-7.85,4,8,,,,,1848,1900,,,673,1611,.418,112,378,.296,390,591,.660,372,1062,353,225,85,478,550,0
College of Charleston,30,24,6,.800,1.00,-7.04,13,3,,,,,2035,1759,,,746,1588,.470,111,333,.333,432,657,.658,348,1095,428,218,180,416,478,0
Colorado State,30,18,12,.600,8.24,3.48,8,6,,,,,2105,1924,,,720,1509,.477,255,579,.440,410,583,.703,267,925,430,193,133,427,537,0
Colorado,32,18,14,.563,8.58,6.33,7,9,,,,,2407,2299,,,844,1979,.426,154,454,.339,565,824,.686,472,1288,476,275,116,455,615,0
Columbia,27,13,14,.481,-11.79,-8.25,7,7,,,,,1598,1654,,,542,1254,.432,198,526,.376,316,455,.695,194,873,359,155,90,,,0
Connecticut ,35,25,10,.714,16.93,7.58,10,6,,,,,2611,2284,,,956,2071,.462,184,477,.386,515,707,.728,506,1373,529,230,179,495,596,1
Coppin State,30,15,15,.500,-10.66,-9.36,13,5,,,,,2017,2056,,,691,1693,.408,177,514,.344,458,652,.702,357,1026,320,226,122,448,543,0
Cornell,27,10,17,.370,-13.94,-9.13,3,11,,,,,1763,1852,,,611,1522,.401,162,476,.340,379,571,.664,353,1024,318,200,55,417,512,0
Creighton ,33,23,10,.697,8.28,1.64,11,7,,,,,2410,2191,,,819,1717,.477,289,694,.416,483,671,.720,315,1084,510,262,77,484,605,1
Dartmouth,27,9,18,.333,-14.72,-8.49,5,9,,,,,1792,1939,,,626,1544,.405,211,656,.322,329,492,.669,281,908,395,186,67,362,499,0
Davidson,28,15,13,.536,-2.73,-2.69,10,6,,,,,2068,1973,,,730,1651,.442,193,592,.326,415,584,.711,329,1027,448,223,71,456,616,0
Dayton ,31,22,9,.710,9.95,3.46,11,5,,,,,2214,2013,,,752,1735,.433,218,590,.369,492,690,.713,447,1153,412,215,70,429,559,1
Delaware State,28,6,22,.214,-17.72,-11.26,5,13,,,,,1758,1939,,,646,1498,.431,169,457,.370,297,435,.683,318,983,359,176,56,521,488,0
Delaware,32,24,8,.750,-0.12,-7.75,14,4,,,,,2447,2203,,,841,1823,.461,243,669,.363,522,693,.753,301,1119,474,264,176,467,563,0
Denver,28,6,22,.214,-12.18,-1.14,3,13,,,,,1850,2159,,,640,1734,.369,204,650,.314,366,566,.647,377,999,372,148,78,398,512,0
DePaul ,33,21,12,.636,14.67,7.83,9,7,,,,,2387,2123,,,877,1935,.453,195,563,.346,438,655,.669,518,1302,494,267,126,538,597,1
Detroit Mercy,32,20,12,.625,3.64,0.14,8,6,,,,,2229,2064,,,779,1732,.450,228,594,.384,443,614,.721,348,1085,442,197,94,418,554,0
Drake,29,11,18,.379,-0.81,0.71,4,14,,,,,1803,1843,,,621,1529,.406,166,529,.314,395,565,.699,290,935,396,212,49,374,509,0
Drexel,30,13,17,.433,-10.03,-7.13,9,9,,,,,1889,1976,,,670,1643,.408,189,529,.357,360,518,.695,379,1116,336,160,38,430,570,0
Duke ,34,29,5,.853,25.55,8.88,15,1,,,,,2992,2425,,,1045,2172,.481,284,742,.383,618,833,.742,453,1313,584,333,191,480,552,1
Duquesne,29,9,20,.310,-4.57,2.50,4,12,,,,,2009,2214,,,682,1739,.392,178,567,.314,467,687,.680,392,1056,334,177,67,443,564,0
East Carolina,28,10,18,.357,-5.82,-2.60,5,11,,,,,1798,1851,,,654,1585,.413,200,586,.341,290,461,.629,355,1099,352,98,89,428,582,0
East Tennessee State,29,14,15,.483,-8.71,-4.97,8,8,,,,,2003,2057,,,681,1598,.426,150,415,.361,491,751,.654,409,1070,334,245,47,496,606,0
Eastern Illinois,29,17,12,.586,1.79,-1.99,11,7,,,,,2336,2157,,,860,1824,.471,206,512,.402,410,569,.721,389,1110,510,241,92,443,536,0
Eastern Kentucky,27,6,21,.222,-14.42,-1.70,2,16,,,,,1888,2130,,,676,1601,.422,152,503,.302,384,547,.702,405,1015,370,179,105,516,532,0
Eastern Michigan,28,15,13,.536,1.45,1.87,9,9,,,,,2014,1977,,,758,1739,.436,153,452,.338,345,537,.642,410,1117,380,226,126,454,596,0
Eastern Washington,27,15,12,.556,2.26,1.48,12,4,,,,,2002,1934,,,714,1629,.438,216,584,.370,358,526,.681,345,973,433,156,80,365,568,0
Elon,28,13,15,.464,-11.97,-6.37,7,7,,,,,2083,2120,,,767,1648,.465,165,460,.359,384,555,.692,359,1021,382,258,72,514,582,0
Evansville,30,18,12,.600,2.68,0.98,9,9,,,,,2069,2018,,,721,1594,.452,155,438,.354,472,634,.744,269,1005,458,202,59,436,506,0
Fairfield,29,14,15,.483,-3.20,-2.44,11,7,,,,,2222,2244,,,752,1782,.422,157,497,.316,561,785,.715,489,1196,385,247,70,509,570,0
Fairleigh Dickinson,28,17,11,.607,-7.75,-7.97,13,5,,,,,1807,1781,,,619,1439,.430,167,489,.342,402,634,.634,365,1017,322,210,85,502,496,0
Florida A&M,31,9,22,.290,-20.43,-9.43,7,11,,,,,1999,2340,,,708,1823,.388,168,526,.319,413,713,.579,443,1121,342,273,67,595,722,0
Florida Atlantic,30,2,28,.067,-23.33,-3.26,0,18,,,,,1833,2411,,,625,1636,.382,200,605,.331,383,539,.711,339,911,345,241,65,593,535,0
Florida International,30,16,14,.533,-0.45,-2.07,9,7,,,,,2167,2079,,,787,1794,.439,175,522,.335,418,621,.673,369,1108,409,287,138,458,536,0
Florida State,29,12,17,.414,4.42,10.00,6,10,,,,,1874,2036,,,656,1591,.412,175,490,.357,387,566,.684,366,1075,352,153,120,449,483,0
Florida ,37,29,8,.784,23.48,8.51,12,4,,,,,3102,2548,,,1104,2299,.480,266,732,.363,628,885,.710,538,1452,611,365,141,607,750,1
Fordham,29,14,15,.483,1.71,2.82,7,9,,,,,2189,2221,,,768,1758,.437,232,638,.364,421,563,.748,357,1068,453,257,93,479,643,0
Fresno State ,34,24,10,.706,9.17,3.58,11,3,,,,,2799,2609,,,1021,2167,.471,279,794,.351,478,680,.703,422,1309,654,282,161,509,597,1
Furman,32,14,18,.438,-6.39,-5.15,5,10,,,,,2252,2190,,,798,1769,.451,157,504,.312,499,735,.679,363,1155,449,242,68,,606,0
George Mason,30,19,11,.633,1.00,-2.37,12,4,,,,,2134,2033,,,764,1683,.454,176,510,.345,430,656,.655,346,1023,435,235,110,421,521,0
George Washington,30,15,15,.500,4.55,5.41,9,7,,,,,2417,2443,,,818,1998,.409,179,635,.282,602,881,.683,501,1132,388,262,87,399,669,0
Georgetown,34,19,15,.559,6.63,5.78,6,10,,,,,2369,2318,,,839,2132,.394,153,521,.294,538,822,.655,589,1498,448,318,226,615,688,0
Georgia Southern,28,16,12,.571,-7.93,-5.45,10,6,,,,,2158,2209,,,795,1763,.451,186,530,.351,382,556,.687,402,977,451,247,73,432,565,0
Georgia State,29,17,12,.586,-2.76,-6.10,13,5,,,,,2082,1985,,,755,1656,.456,188,506,.372,384,579,.663,346,989,352,254,125,398,530,0
Georgia Tech,30,13,17,.433,6.23,7.00,5,11,,,,,2119,2142,,,725,1778,.408,242,705,.343,427,625,.683,410,1167,456,196,147,509,516,0
Georgia,30,10,20,.333,5.21,8.71,3,13,,,,,2147,2252,,,792,1716,.462,145,423,.343,418,641,.652,406,1174,453,164,98,554,501,0
Gonzaga ,35,26,9,.743,16.38,4.64,11,3,,,,,2719,2308,,,965,2014,.479,260,715,.364,529,795,.665,409,1325,587,202,150,469,651,1
Grambling,31,1,30,.032,-27.91,-9.16,0,18,,,,,2251,2820,,,817,2006,.407,180,604,.298,437,671,.651,469,1148,405,268,62,594,746,0
Green Bay,30,14,16,.467,0.64,1.84,6,8,,,,,1699,1735,,,610,1438,.424,146,428,.341,333,477,.698,275,891,357,165,60,395,515,0
Hampton,29,17,12,.586,-8.54,-11.61,13,5,,,,,2165,2075,,,765,1708,.448,201,563,.357,434,671,.647,371,1109,412,231,149,489,538,0
Hartford,29,10,19,.345,-14.53,-7.42,6,12,,,,,2073,2279,,,723,1768,.409,146,461,.317,481,722,.666,415,1121,362,265,106,546,653,0
Harvard,27,12,15,.444,-12.75,-9.75,7,7,,,,,1780,1829,,,660,1582,.417,178,486,.366,282,438,.644,343,935,429,233,43,424,517,0
Hawaii,29,17,12,.586,5.09,2.23,5,9,,,,,2210,2127,,,818,1696,.482,131,364,.360,443,627,.707,369,1066,516,201,107,528,576,0
High Point,28,11,17,.393,-15.35,-6.07,5,9,,,,,1900,2049,,,671,1489,.451,125,388,.322,433,651,.665,288,954,361,271,60,551,486,0
Hofstra ,31,24,7,.774,5.23,-6.03,16,2,,,,,2307,1958,,,827,1813,.456,225,627,.359,428,623,.687,390,1125,435,270,121,415,565,1
Holy Cross,28,10,18,.357,-11.35,-7.96,3,9,,,,,1677,1772,,1120,539,1330,.405,140,407,.344,459,756,.607,352,1053,317,183,105,556,555,0
Houston,31,9,22,.290,1.94,6.44,2,14,,,,,2363,2476,,,834,1910,.437,157,471,.333,538,775,.694,401,1157,407,254,80,504,660,0
Howard,28,1,27,.036,-26.15,-6.65,1,17,,,,,1825,2372,,,681,1744,.390,181,532,.340,282,442,.638,338,927,325,207,49,482,519,0
Idaho State,27,8,19,.296,-5.42,1.18,3,13,,,,,1893,2026,,,661,1568,.422,171,467,.366,400,587,.681,353,995,339,141,86,416,568,0
Idaho,29,12,17,.414,-2.92,1.53,6,10,,,,,1999,2065,,,707,1585,.446,184,507,.363,401,594,.675,298,1010,416,172,88,,,0
Illinois-Chicago,31,11,20,.355,-3.84,0.52,5,9,,,,,2048,2153,,,743,1782,.417,132,410,.322,430,621,.692,390,1230,398,217,73,,,0
Illinois State,30,10,20,.333,-2.32,2.72,5,13,,,,,2031,2150,,,710,1585,.448,167,438,.381,444,600,.740,317,1011,343,175,90,511,577,0
Illinois ,32,22,10,.688,19.73,9.60,11,5,,,,,2424,2100,,,834,1925,.433,231,652,.354,525,763,.688,397,1177,499,297,119,458,619,1
Indiana State ,32,22,10,.688,6.54,3.22,14,4,,,,,2136,2030,,,756,1739,.435,161,453,.355,463,657,.705,314,1058,406,292,104,421,549,1
Indiana ,29,20,9,.690,19.43,10.22,10,6,,,,,2253,1985,,,811,1697,.478,127,336,.378,504,711,.709,329,1128,466,217,141,424,524,1
Iona ,31,20,11,.645,-1.22,-4.13,13,5,,,,,2443,2353,,,846,1877,.451,147,427,.344,604,833,.725,444,1272,529,233,216,557,607,1
Iowa State ,37,32,5,.865,19.08,7.14,14,2,,,,,2898,2409,,,1038,2140,.485,190,518,.367,632,899,.703,452,1422,565,277,119,518,566,1
Iowa,30,14,16,.467,8.99,11.83,6,10,,,,,2064,2149,,,700,1711,.409,187,540,.346,477,706,.676,340,1043,388,206,55,424,678,0
IUPUI,28,7,21,.250,-9.99,-3.13,4,12,,,,,1719,1905,,,594,1503,.395,118,368,.321,407,615,.662,327,913,294,239,81,415,497,0
Jackson State ,33,17,16,.515,-12.19,-10.38,10,8,,,,,2205,2251,,,766,1875,.409,91,362,.251,582,911,.639,528,1343,414,252,172,627,673,1
Jacksonville State,28,17,11,.607,-7.01,-8.45,12,6,,,,,1949,1901,,,683,1583,.431,182,534,.341,401,604,.664,370,1343,440,170,82,460,487,0
Jacksonville,27,8,19,.296,-10.95,-7.95,5,13,,,,,1914,1965,,,716,1549,.462,174,492,.354,308,487,.632,329,879,424,197,77,456,483,0
James Madison,29,20,9,.690,-2.55,-4.55,12,4,,,,,2009,1951,,,695,1676,.415,180,568,.317,439,632,.695,382,1085,363,191,112,415,538,0
Kansas State,28,9,19,.321,1.00,8.32,2,14,,,,,1907,2112,,,694,1628,.426,187,508,.368,332,498,.667,374,1051,377,193,118,530,542,0
Kansas ,34,24,10,.706,17.94,9.79,11,5,,,,,2676,2382,,1365,1044,2269,.460,159,463,.343,429,660,.650,564,1505,630,312,187,589,725,1
Kent State,31,23,8,.742,10.87,2.21,13,5,,,,,2346,2044,,,853,1834,.465,155,420,.369,485,654,.742,399,1094,496,266,103,433,618,0
Kentucky ,33,23,10,.697,18.52,12.71,12,4,,,,,2280,2074,,,793,1873,.423,188,643,.292,506,735,.688,473,1300,427,201,185,502,537,1
La Salle,28,11,17,.393,0.28,3.10,5,11,,,,,1845,1924,,,645,1629,.396,223,653,.342,332,487,.682,359,1003,344,141,113,367,450,0
Lafayette ,31,24,7,.774,0.42,-8.07,11,1,,,,,2280,1986,,,774,1704,.454,249,639,.390,483,672,.719,342,1109,473,313,104,499,558,1
Lamar ,31,15,16,.484,-6.16,-3.84,8,10,,,,,1949,2021,,,672,1725,.390,216,643,.336,389,567,.686,381,1128,408,225,86,486,530,1
Lehigh,29,8,21,.276,-15.40,-6.25,3,9,,,,,1885,2046,,,654,1610,.406,174,461,.377,403,598,.674,347,1008,373,219,117,373,563,0
Liberty,28,14,14,.500,-12.24,-8.41,4,10,,,,,1916,1912,,,724,1745,.415,87,274,.318,381,579,.658,442,1054,366,376,65,532,603,0
Long Beach State,30,24,6,.800,8.81,-0.87,15,1,,,,,2435,2060,,,884,1784,.496,187,515,.363,480,698,.688,387,1094,472,280,128,455,550,0
Long Island University,27,8,19,.296,-16.40,-7.94,5,13,,,,,1719,1920,,,669,1620,.413,111,395,.281,270,439,.615,322,946,333,241,98,452,418,0
Louisiana ,34,25,9,.735,2.37,-1.58,13,3,,,,,2441,2301,,,880,2047,.430,200,601,.333,479,778,.616,508,901,496,271,115,,212,1
Louisiana-Monroe,28,19,9,.679,-1.93,-5.85,13,5,,,,,2195,2064,,,779,1791,.435,171,519,.329,464,645,.719,366,1173,443,225,207,481,493,0
Louisiana State ,34,28,6,.824,18.90,5.78,12,4,,,,,2578,2132,,,915,1880,.487,196,558,.351,552,858,.643,448,1373,503,313,180,593,549,1
Louisiana Tech,29,21,8,.724,1.81,-4.09,12,4,,,,,2111,1940,,,746,1677,.445,172,475,.362,447,671,.666,370,1086,312,199,95,408,628,0
Louisville ,31,19,12,.613,14.93,8.76,10,6,,,,,2269,2052,,,849,1823,.466,165,503,.328,406,577,.704,382,1045,518,286,136,490,569,1
Loyola (IL),28,14,14,.500,-4.34,-0.73,4,10,,,,,1853,1954,,,666,1548,.430,149,470,.317,372,522,.713,321,964,407,176,84,,537,0
Loyola Marymount,28,2,26,.071,-16.42,3.24,0,14,,,,,1744,2232,,,571,1584,.360,150,494,.304,452,675,.670,350,984,317,140,79,479,568,0
Loyola (MD),28,7,21,.250,-15.44,-5.94,4,14,,,,,1833,2099,,,672,1561,.430,131,447,.293,358,599,.598,326,982,373,205,141,478,487,0
Maine,31,24,7,.774,-3.06,-10.06,15,3,,,,,2362,2141,,,851,1744,.488,247,660,.374,413,549,.752,307,1056,478,260,79,486,260,0
Manhattan,27,12,15,.444,-3.91,-6.94,9,9,,,,,2080,1998,,,765,1701,.450,193,567,.340,357,537,.665,363,960,429,254,82,435,663,0
Marist,28,14,14,.500,-6.22,-6.54,10,8,,,,,1963,1954,,,704,1671,.421,141,439,.321,414,619,.669,373,1052,375,237,131,400,513,0
Marquette,29,15,14,.517,7.21,6.83,8,8,,,,,1820,1809,,,668,1590,.420,179,512,.350,305,472,.646,417,1070,360,166,44,452,592,0
Marshall,30,21,9,.700,5.05,-0.16,11,7,,,,,2442,2216,,,885,1858,.476,246,631,.390,426,602,.708,366,1120,489,239,114,415,554,0
Maryland-Baltimore County,29,11,18,.379,-8.43,-7.36,7,11,,,,,1879,1864,,,679,1557,.436,120,373,.322,401,609,.658,377,1100,392,204,145,496,77,0
Maryland-Eastern Shore,29,12,17,.414,-17.65,-10.90,8,10,,,,,1919,2115,,,647,1578,.410,152,391,.389,473,718,.659,375,989,264,212,79,468,531,0
Maryland ,35,25,10,.714,17.93,9.44,11,5,,,,,2683,2386,,,1001,2151,.465,195,553,.353,486,710,.685,476,1354,667,355,235,570,638,1
Massachusetts,33,17,16,.515,7.83,5.05,9,7,,,,,2264,2138,,1325,824,1919,.429,160,472,.339,456,701,.650,441,1175,416,296,133,480,621,0
McNeese State,27,6,21,.222,-15.14,-4.43,5,13,,,,,1771,2060,,,660,1527,.432,169,473,.357,282,451,.625,260,909,351,228,71,479,487,0
Memphis,31,15,16,.484,6.37,5.64,7,9,,,,,2270,2230,,,811,1931,.420,168,492,.341,480,729,.658,467,1204,449,238,137,527,608,0
Mercer,33,12,21,.364,-10.84,-5.77,7,11,,,,,2259,2371,,,832,2007,.415,205,637,.322,390,565,.690,468,1260,422,254,81,507,595,0
Miami (FL) ,34,23,11,.676,11.83,5.39,13,3,,,,,2346,2127,,,849,1971,.431,132,440,.300,516,690,.748,489,1282,498,286,126,504,615,1
Miami (OH),30,15,15,.500,4.73,3.60,8,10,,,,,1920,1886,,,673,1612,.417,222,598,.371,352,480,.733,340,1020,362,150,56,,,0
Michigan State ,39,32,7,.821,25.04,9.91,13,3,,,,,2889,2299,,,1018,2148,.474,253,669,.378,600,816,.735,521,1521,602,256,105,569,721,1
Michigan,29,15,14,.517,5.27,9.27,6,10,,,,,2190,2306,,,780,1708,.457,174,507,.343,456,668,.683,337,1082,414,156,123,492,621,0
Middle Tennessee,28,15,13,.536,-2.40,-2.40,10,8,,,,,2143,2121,,,746,1613,.462,193,533,.362,458,625,.733,338,939,484,278,101,461,560,0
Milwaukee,29,15,14,.517,2.17,1.67,6,8,,,,,2050,2002,,,656,1578,.416,256,701,.365,482,658,.733,318,921,389,182,27,356,512,0
Minnesota,28,12,16,.429,6.77,9.62,4,12,,,,,1965,2045,,,738,1624,.454,118,380,.311,371,585,.634,385,1068,449,186,151,478,531,0
Mississippi State,30,14,16,.467,7.12,5.29,5,11,,,,,2168,2113,,,803,1772,.453,200,593,.337,362,541,.669,404,1113,385,184,105,456,521,0
Mississippi Valley State,27,6,21,.222,-16.61,-8.51,7,11,,,,,1973,2200,,,727,1966,.370,213,700,.304,306,497,.616,524,1165,296,230,151,454,610,0
Mississippi,33,19,14,.576,7.86,6.52,5,11,,,,,2355,2271,,,827,1873,.442,196,588,.333,505,778,.649,438,1237,454,244,122,546,703,0
Missouri-Kansas City,29,16,13,.552,-4.23,-5.08,10,6,,,,,2126,2005,,,765,1566,.489,126,357,.353,470,642,.732,302,1015,461,223,96,525,563,0
Missouri State,34,23,11,.676,7.52,4.07,13,5,,,,,2257,2140,,,800,1788,.447,220,585,.376,437,650,.672,379,1272,462,261,136,,,0
Missouri ,31,18,13,.581,12.55,8.22,10,6,,,,,2302,2168,,,771,1822,.423,291,804,.362,469,661,.710,335,1039,426,275,61,412,601,1
Monmouth,28,12,16,.429,-10.29,-7.51,9,9,,,,,1624,1702,,,564,1368,.412,173,535,.323,323,484,.667,281,854,344,216,70,453,,0
Montana State,29,12,17,.414,-3.92,0.73,4,12,,,,,2223,2242,,,763,1685,.453,216,573,.377,481,609,.790,251,943,527,169,58,402,496,0
Montana,28,17,11,.607,2.40,0.47,12,4,,,,,2026,1942,,,678,1475,.460,197,493,.400,473,659,.718,314,1016,428,173,70,436,493,0
Morehead State,27,9,18,.333,-7.74,-3.15,4,14,,,,,2042,2095,,,714,1514,.472,224,560,.400,390,515,.757,256,823,459,208,36,398,467,0
Morgan State,29,5,24,.172,-21.59,-8.97,5,13,,,,,1884,2250,,,680,1659,.410,141,451,.313,383,599,.639,364,1054,328,212,87,560,629,0
Mount St. Mary's,29,9,20,.310,-15.01,-6.18,7,11,,,,,1883,2139,,,690,1727,.400,181,615,.294,322,464,.694,359,1112,337,189,82,,,0
Murray State,32,23,9,.719,3.42,-2.39,14,4,,,,,2542,2335,,,905,1957,.462,200,623,.321,532,722,.737,456,1219,455,224,87,464,545,0
Navy,29,23,6,.793,2.31,-8.17,11,1,,,,,2203,1848,,,771,1695,.455,104,303,.343,557,862,.646,459,1234,429,352,198,585,583,0
Nebraska,30,11,19,.367,1.17,6.83,4,12,,,,,2050,2220,,,737,1729,.426,144,434,.332,432,700,.617,450,1075,406,222,145,529,574,0
Nevada-Las Vegas ,31,23,8,.742,9.74,2.52,10,4,,,,,2548,2324,,,929,2043,.455,167,528,.316,523,768,.681,463,1302,623,263,139,549,626,1
Nevada,29,9,20,.310,-4.29,1.50,6,10,,,,,1873,2023,,,624,1660,.376,163,514,.317,462,634,.729,394,1053,321,160,51,399,593,0
New Hampshire,28,3,25,.107,-25.48,-6.09,2,16,,,,,1811,2354,,,630,1758,.358,198,639,.310,353,522,.676,379,1002,333,222,101,510,563,0
New Mexico State,32,22,10,.688,6.25,2.00,11,5,,,,,2265,2096,,,820,1853,.443,204,541,.377,421,660,.638,452,1198,404,223,71,437,621,0
New Mexico,32,18,14,.563,7.96,4.18,9,5,,,,,2323,2185,,,811,1782,.455,155,459,.338,546,769,.710,359,1151,362,232,145,464,667,0
New Orleans,29,11,18,.379,-4.82,-3.06,6,10,,,,,1738,1789,,,610,1407,.434,155,407,.381,363,507,.716,,890,364,194,82,454,499,0
Niagara,29,17,12,.586,-6.55,-5.38,10,8,,,,,2241,2275,,,753,1796,.419,229,685,.334,506,703,.720,409,1065,406,233,117,464,606,0
Nicholls State,28,11,17,.393,-10.04,-4.50,8,10,,,,,1769,1846,,,658,1652,.398,123,368,.334,330,556,.594,414,994,341,273,71,456,527,0
Norfolk State,28,12,16,.429,-16.20,-11.37,11,7,,,,,2128,2263,,,777,1860,.418,144,480,.300,430,698,.616,434,1068,319,243,91,437,549,0
North Carolina-Asheville,30,11,19,.367,-11.53,-3.66,7,7,,,,,2074,2281,,,686,1578,.435,174,439,.396,528,701,.753,329,1080,419,223,114,600,565,0
North Carolina A&T,29,14,15,.483,-11.83,-12.15,11,8,,,,,2187,2187,,,786,1802,.436,129,395,.327,486,725,.670,403,988,381,264,75,531,403,0
North Carolina-Greensboro,28,15,13,.536,-7.71,-6.15,9,7,,,,,2007,2024,,,706,1549,.456,139,380,.366,456,618,.738,347,1027,379,176,87,463,501,0
North Carolina State,34,20,14,.588,12.96,7.49,6,10,,,,,2347,2161,,,821,1920,.428,187,560,.334,518,789,.657,453,1234,431,311,156,540,605,0
North Carolina-Wilmington ,31,18,13,.581,2.41,-0.24,8,8,,,,,1863,1781,,,667,1609,.415,176,473,.372,353,561,.629,323,1075,375,221,67,566,566,1
North Carolina ,36,22,14,.611,17.00,11.80,9,7,,,,,2715,2528,,,1014,2066,.491,169,492,.343,518,740,.700,436,1394,609,210,178,536,580,1
North Texas,27,7,20,.259,-10.85,2.07,5,11,,,,,2040,2389,,,754,1810,.417,176,568,.310,356,535,.665,399,1034,394,212,93,451,490,0
Northeastern,28,7,21,.250,-14.45,-8.41,5,13,,,,,1855,2024,,,714,1599,.447,117,348,.336,310,448,.692,324,911,344,237,114,478,565,0
Northern Arizona ,31,20,11,.645,4.34,1.37,11,5,,,,,2280,2134,,,775,1626,.477,263,673,.391,467,622,.751,295,1101,493,120,96,514,574,1
Northern Illinois,28,13,15,.464,1.00,1.56,7,11,,,,,1943,1919,,,707,1699,.416,153,451,.339,376,546,.689,408,1078,368,220,78,454,561,0
Northern Iowa,29,14,15,.483,0.93,2.51,7,11,,,,,1798,1844,,,624,1425,.438,123,362,.340,427,598,.714,254,921,326,174,89,422,502,0
Northwestern State,30,17,13,.567,-7.88,-6.06,11,7,,,,,1990,2003,,,719,1775,.405,147,487,.302,405,624,.649,425,1105,422,315,111,506,625,0
Northwestern,30,5,25,.167,-4.86,8.14,0,16,,,,,1545,1935,,,525,1426,.368,161,504,.319,334,483,.692,245,892,367,146,83,484,534,0
Notre Dame,37,22,15,.595,9.57,6.38,8,8,,,,,2636,2518,,,896,1921,.466,287,752,.382,557,751,.742,385,1322,643,287,110,656,626,0
Oakland,30,13,17,.433,-4.74,-1.32,11,5,,,,,2163,2254,,,703,1719,.409,271,805,.337,486,654,.743,312,1004,442,224,52,486,568,0
Ohio State ,30,23,7,.767,17.55,6.55,13,3,,,,,2182,1852,,,797,1748,.456,145,456,.318,443,629,.704,381,1126,387,194,200,377,521,1
Ohio,33,20,13,.606,7.50,3.53,11,7,,,,,2386,2255,,,782,1804,.433,221,647,.342,601,895,.672,441,1280,517,243,103,565,694,0
Oklahoma State ,34,27,7,.794,20.01,6.59,12,4,,,,,2620,2117,,,933,1946,.479,216,559,.386,538,768,.701,393,1311,642,260,122,484,578,1
Oklahoma ,34,27,7,.794,19.25,6.63,12,4,,,,,2546,2117,,,917,2004,.458,263,687,.383,449,632,.710,443,1254,525,241,89,435,643,1
Old Dominion,30,11,19,.367,-3.63,-1.90,6,10,,,,,1942,1994,,,681,1572,.433,120,390,.308,460,689,.668,352,1048,383,214,100,452,539,0
Oral Roberts,30,13,17,.433,-6.09,-4.23,8,8,,,,,2169,2193,,,758,1728,.439,239,651,.367,414,621,.667,298,1011,467,199,54,452,554,0
Oregon State,29,13,16,.448,6.71,8.74,5,13,,,,,2005,2016,,,708,1597,.443,206,571,.361,383,583,.657,322,1004,447,221,84,476,608,0
Oregon ,30,22,8,.733,14.74,8.53,13,5,,,,,2269,2047,,,808,1722,.469,172,552,.312,481,646,.745,336,1037,491,206,88,469,592,1
Pacific,29,11,18,.379,-3.35,-0.60,6,10,,,,,1809,1882,,,622,1503,.414,173,567,.305,392,573,.684,330,1015,361,120,38,395,520,0
Penn State,35,19,16,.543,10.08,8.82,5,11,,,,,2572,2528,,,879,1994,.441,235,676,.348,579,811,.714,403,1222,526,279,105,536,636,0
Pennsylvania ,29,21,8,.724,4.00,-2.89,14,0,,,,,1942,1742,,,707,1565,.452,189,538,.351,339,526,.644,310,1056,436,158,119,369,475,1
Pepperdine ,34,25,9,.735,13.11,3.35,12,2,,,,,2481,2149,,,929,2094,.444,237,688,.344,386,577,.669,420,1295,494,319,99,504,659,1
Pittsburgh,28,13,15,.464,3.98,4.41,5,11,,,,,1864,1876,,,688,1604,.429,174,543,.320,314,504,.623,383,1045,459,215,60,465,447,0
Portland State,29,15,14,.517,-0.39,-0.09,7,9,,,,,2158,2099,,,737,1613,.457,184,550,.335,500,745,.671,351,1012,457,222,67,474,638,0
Portland,28,10,18,.357,-3.84,1.92,4,10,,,,,1789,1851,,,641,1544,.415,137,452,.303,370,566,.654,331,953,389,186,104,390,502,0
Prairie View,27,7,20,.259,-22.06,-11.14,5,13,,,,,2121,2303,,,773,1878,.412,174,596,.292,401,639,.628,445,1189,315,253,134,572,609,0
Princeton,30,19,11,.633,3.00,-2.93,11,3,,,,,1850,1637,,,652,1417,.460,245,667,.367,301,446,.675,198,894,505,238,146,387,474,0
Providence,30,11,19,.367,1.04,5.29,4,12,,,,,1925,1988,,1210,728,1822,.400,136,448,.304,333,532,.626,461,1141,383,245,141,532,628,0
Purdue ,34,24,10,.706,16.87,9.56,12,4,,,,,2505,2246,,,849,1914,.444,206,589,.350,601,879,.684,473,1225,482,261,104,505,597,1
Quinnipiac,28,18,10,.643,-10.09,-9.20,12,6,,,,,2059,2068,,,739,1598,.462,132,372,.355,449,654,.687,322,1009,466,220,105,520,627,0
Radford,28,18,10,.643,-5.99,-7.92,12,2,,,,,2057,1975,,,709,1640,.432,211,594,.355,428,628,.682,350,991,372,257,117,543,543,0
Rhode Island,30,5,25,.167,-8.54,5.73,2,14,,,,,1869,2297,,,673,1662,.405,128,390,.328,395,632,.625,356,1044,331,209,111,541,539,0
Rice,27,5,22,.185,-9.42,3.26,1,13,,,,,1554,1836,,,536,1430,.375,123,419,.294,359,518,.693,353,1019,310,152,70,511,558,0
Richmond,30,18,12,.600,2.42,-1.55,11,5,,,,,2011,1892,,,729,1615,.451,220,600,.367,333,478,.697,313,986,448,199,155,407,472,0
Rider,30,16,14,.533,-6.60,-6.70,8,10,,,,,2116,2113,,,724,1614,.449,190,531,.358,478,699,.684,337,1001,432,256,105,485,600,0
Robert Morris,30,18,12,.600,-5.80,-7.80,13,5,,,,,2123,2010,,,766,1714,.447,143,437,.327,448,641,.699,314,1069,470,241,56,419,524,0
Rutgers,31,15,16,.484,6.62,4.40,6,10,,,,,2175,2106,,,743,1679,.443,182,488,.373,507,777,.653,390,1110,455,224,107,475,610,0
Sacramento State,27,9,18,.333,-7.38,0.55,3,13,,,,,1676,1854,,,616,1548,.398,147,467,.315,297,442,.672,316,943,320,240,95,,,0
Sacred Heart,28,3,25,.107,-23.24,-6.77,2,16,,,,,1853,2315,,,683,1610,.424,145,444,.327,342,544,.629,338,999,393,200,86,550,493,0
Saint Francis (PA),28,10,18,.357,-11.68,-8.14,7,11,,,,,1805,1904,,,648,1541,.421,187,518,.361,322,456,.706,309,904,403,171,60,361,453,0
Saint Joseph's,29,13,16,.448,5.45,5.72,7,9,,,,,2043,2051,,,699,1671,.418,216,612,.353,429,602,.713,388,1166,443,154,77,,,0
Saint Louis ,33,19,14,.576,9.00,8.39,7,9,,,,,2124,2104,,,729,1696,.430,146,432,.338,520,758,.686,394,1164,401,254,126,586,665,1
Saint Mary's (CA),28,8,20,.286,-7.40,2.19,3,11,,,,,1701,1942,,,597,1594,.375,191,563,.339,316,475,.665,362,1119,352,163,98,,,0
Saint Peter's,28,5,23,.179,-14.31,-5.31,2,16,,,,,1958,2210,,,739,1675,.441,70,274,.255,410,552,.743,345,968,420,200,87,454,559,0
Sam Houston State,29,22,7,.759,-0.74,-5.44,15,3,,,,,2130,1968,,,750,1612,.465,175,499,.351,455,690,.659,354,1120,495,293,73,508,597,0
Samford ,32,21,11,.656,3.20,-5.80,12,6,,,,,2323,1998,,,825,1649,.500,313,804,.389,360,515,.699,267,996,543,230,102,438,532,1
San Diego State,28,5,23,.179,-9.09,4.54,0,14,,,,,1745,2097,,,619,1513,.409,120,401,.299,387,569,.680,291,884,376,202,64,494,548,0
San Diego,29,20,9,.690,7.30,0.45,10,4,,,,,2049,1815,,,673,1538,.438,181,502,.361,522,767,.681,370,1135,380,181,69,456,543,0
San Francisco,28,19,9,.679,6.22,0.67,7,7,,,,,2004,1811,,,682,1521,.448,156,431,.362,484,703,.688,366,1087,417,216,109,473,539,0
San Jose State,30,15,15,.500,0.98,3.79,6,8,,,,,1797,1792,,,666,1595,.418,131,406,.323,334,572,.584,390,1097,318,138,87,410,531,0
Santa Clara,31,19,12,.613,3.72,3.52,9,5,,,,,2049,2026,,,703,1765,.398,181,560,.323,462,663,.697,380,1158,417,217,70,413,626,0
Seton Hall ,32,22,10,.688,10.64,5.11,10,6,,,,,2295,2118,,,807,1865,.433,250,685,.365,431,636,.678,431,1211,458,225,198,476,551,1
Siena,33,24,9,.727,1.23,-4.62,15,3,,,,,2862,2669,,,961,2166,.444,283,721,.393,657,876,.750,495,1338,585,297,117,590,790,0
South Alabama,30,20,10,.667,0.41,-3.15,13,3,,,,,2083,1976,,,731,1561,.468,166,442,.376,455,688,.661,342,969,443,247,52,488,561,0
South Carolina State ,34,20,14,.588,-10.41,-9.38,14,5,,,,,2386,2421,,,829,2117,.392,213,638,.334,515,765,.673,590,1393,370,237,138,485,485,1
South Carolina,32,15,17,.469,9.97,8.78,5,11,,,,,2190,2152,,,796,1821,.437,238,668,.356,358,584,.613,423,1096,446,269,109,472,533,0
South Florida,31,17,14,.548,8.70,3.92,8,8,,,,,2393,2245,,,860,1878,.458,208,572,.364,465,726,.640,404,1294,529,321,122,541,619,0
Southeast Missouri State ,31,24,7,.774,4.42,-2.48,14,4,,,,,2154,1911,,,748,1680,.445,193,558,.346,465,662,.702,346,1140,383,188,164,478,542,1
Southeastern Louisiana,27,10,17,.370,-13.00,-5.16,5,13,,,,,1606,1769,,,556,1362,.408,171,505,.339,323,478,.676,303,901,314,212,56,,,0
Southern California,30,16,14,.533,14.17,8.77,9,9,,,,,2342,2180,,,842,1840,.458,190,521,.365,468,672,.696,402,1092,518,275,120,458,538,0
Southern Illinois,33,20,13,.606,7.64,4.28,12,6,,,,,2346,2239,,1325,806,1915,.421,215,623,.345,519,784,.662,438,1251,512,234,66,532,659,0
Southern Methodist,30,21,9,.700,7.70,1.39,9,5,,,,,2318,2094,,,807,1978,.408,192,637,.301,512,790,.648,547,1298,418,278,107,377,520,0
Southern Mississippi,29,17,12,.586,5.51,4.20,7,9,,,,,1921,1883,,,654,1550,.422,141,417,.338,472,673,.701,353,1051,323,197,149,494,541,0
Southern Utah,29,16,13,.552,-3.14,-3.99,10,6,,,,,2112,2067,,,733,1647,.445,219,598,.366,427,604,.707,324,900,436,354,83,459,625,0
Southern,29,18,11,.621,-14.26,-14.41,14,4,,,,,2163,2117,,,749,1727,.434,146,414,.353,519,817,.635,413,1064,297,294,80,610,612,0
St. Bonaventure ,31,21,10,.677,9.45,5.29,11,5,,,,,2136,2007,,,767,1716,.447,177,512,.346,425,643,.661,431,1131,386,257,87,488,560,1
St. Francis (NY),30,18,12,.600,-6.12,-7.98,12,6,,,,,2325,2249,,,822,1879,.437,255,733,.348,426,610,.698,379,1091,470,252,94,466,658,0
St. John's (NY) ,33,25,8,.758,14.26,6.96,12,4,,,,,2043,2192,,,699,1671,.418,216,612,.353,429,602,.713,431,1133,443,352,89,399,531,1
Stanford ,31,27,4,.871,25.65,7.12,15,3,,,,,2447,1850,,,819,1750,.468,245,613,.400,564,794,.710,399,1309,539,141,167,450,518,1
Stephen F. Austin,27,6,21,.222,-12.81,-4.97,3,15,,,,,1834,1982,,,653,1488,.439,172,519,.331,356,536,.664,295,872,379,239,94,490,581,0
Stetson,28,13,15,.464,-11.94,-8.23,8,10,,,,,1912,1985,,,695,1664,.418,112,342,.327,410,634,.647,470,1129,351,175,77,397,544,0
Stony Brook,29,6,23,.207,-17.20,-2.39,,,,,,,1648,2069,,,568,1480,.384,182,544,.335,331,515,.643,293,902,320,212,62,530,525,0
Syracuse ,32,26,6,.813,17.67,6.20,13,3,,,,,2400,2033,,,876,1869,.469,171,483,.354,477,677,.705,440,1199,564,286,167,448,506,1
Temple ,33,27,6,.818,20.64,6.94,14,2,,,,,2260,1808,,,790,1913,.413,274,787,.348,406,619,.656,497,1287,471,312,140,324,459,1
Tennessee-Martin,29,10,19,.345,-8.09,-0.02,7,11,,,,,1979,2169,,,704,1697,.415,123,406,.303,448,629,.712,426,1019,376,271,45,522,594,0
Tennessee State,29,7,22,.241,-13.72,-2.23,6,12,,,,,1964,2297,,,658,1713,.384,212,694,.305,436,624,.699,369,1004,331,203,62,448,556,0
Tennessee Tech,28,16,12,.571,0.02,-3.64,11,7,,,,,2279,2068,,,734,1654,.444,279,757,.369,532,693,.768,394,1025,447,214,58,375,555,0
Tennessee ,33,26,7,.788,18.94,8.12,12,4,,,,,2629,2239,,1335,909,2019,.450,266,736,.361,545,798,.683,480,1314,481,290,193,520,618,1
Texas A&M,28,8,20,.286,-3.85,5.47,4,12,,,,,1825,2086,,,644,1565,.412,179,562,.319,358,534,.670,365,996,394,205,54,475,528,0
Texas-Arlington,27,15,12,.556,-4.70,-5.86,11,7,,,,,2106,2049,,,757,1818,.416,247,725,.341,345,516,.669,400,995,250,271,47,495,446,0
Texas Christian,32,18,14,.563,5.90,2.81,8,6,,,,,2813,2691,,,966,2135,.452,260,685,.380,621,812,.765,479,1273,609,293,204,492,632,0
Texas-El Paso,28,13,15,.464,5.95,3.23,4,10,,,,,2158,2082,,,768,1601,.480,159,439,.362,463,673,.688,327,984,455,199,87,413,678,0
Texas-Rio Grande Valley,28,12,16,.429,-8.28,-0.19,,,,,,,2016,2168,,,706,1582,.446,191,529,.361,413,582,.710,312,928,371,249,67,515,601,0
Texas-San Antonio,28,15,13,.536,-4.38,-4.59,12,6,,,,,2149,2102,,,759,1753,.433,188,568,.331,443,740,.599,521,1240,449,243,114,514,546,0
Texas Southern,29,15,14,.517,-12.65,-13.45,10,8,,,,,2131,2078,,,760,1750,.434,177,562,.315,434,638,.680,415,1139,332,266,51,500,533,0
Texas State,29,12,17,.414,-7.49,-5.52,8,10,,,,,1989,1992,,,688,1574,.437,168,439,.383,445,661,.673,343,1070,404,162,28,406,566,0
Texas Tech,28,12,16,.429,3.32,5.69,3,13,,,,,1969,2020,,,689,1565,.440,161,475,.339,430,593,.725,293,1004,370,172,137,418,460,0
Texas ,33,24,9,.727,20.43,9.61,13,3,,,,,2460,2103,,,876,1870,.468,185,489,.378,523,810,.646,431,1296,481,244,168,515,594,1
Toledo,31,18,13,.581,4.69,2.56,11,7,,,,,2197,2131,,,757,1746,.434,225,646,.348,458,669,.685,404,1191,409,202,66,529,602,0
Towson,28,11,17,.393,-10.38,-9.10,7,11,,,,,1901,1937,,,668,1525,.438,179,482,.371,386,561,.688,301,943,397,220,82,480,520,0
Troy,28,17,11,.607,-5.94,-8.61,13,5,,,,,2080,1979,,,710,1567,.453,253,625,.405,407,544,.748,288,973,332,157,82,349,457,0
Tulane,31,20,11,.645,5.79,3.54,8,8,,,,,2102,2032,,,765,1772,.432,124,396,.313,448,739,.606,436,1155,431,298,100,502,609,0
Tulsa ,37,32,5,.865,19.94,2.42,12,2,,,,,2974,2326,,,1050,2223,.472,264,764,.346,610,865,.705,480,1390,631,433,175,571,730,1
UCLA ,33,21,12,.636,15.29,10.11,10,8,,,,,2492,2321,,,952,1984,.480,205,552,.371,383,652,.587,447,1252,545,282,145,549,626,1
Utah State ,34,28,6,.824,8.83,1.89,16,0,,,,,2397,2080,,,879,1888,.466,194,536,.362,445,709,.628,415,1233,487,235,126,453,580,1
Utah ,32,23,9,.719,12.23,4.36,10,4,,,,,2252,1979,,,782,1624,.482,222,574,.387,466,648,.719,326,1077,496,198,89,462,586,1
Valparaiso ,32,19,13,.594,-2.89,-3.71,10,6,,,,,2128,2006,,,758,1702,.445,228,619,.368,384,590,.651,399,1172,459,236,120,535,556,1
Vanderbilt,30,19,11,.633,12.64,7.54,8,8,,,,,2243,2090,,,782,1710,.457,222,607,.366,457,624,.732,314,1014,457,214,63,442,543,0
Vermont,28,16,12,.571,-9.79,-8.25,11,7,,,,,2005,2048,,,727,1741,.418,172,490,.351,379,591,.641,401,1078,388,200,103,377,504,0
Villanova,33,20,13,.606,7.62,6.74,8,8,,,,,2308,2279,,,811,1909,.425,207,607,.341,479,679,.705,441,1264,516,243,162,544,565,0
Virginia Commonwealth,28,14,14,.500,-4.87,-1.80,7,9,,,,,1957,2043,,,707,1729,.409,150,514,.292,393,598,.657,420,1117,369,220,151,485,527,0
VMI,29,6,23,.207,-14.90,-2.70,1,15,,,,,2064,2247,,,747,1846,.405,171,566,.302,399,644,.620,404,1081,383,279,97,544,616,0
Virginia Tech,31,16,15,.516,3.00,2.45,8,8,,,,,1997,1980,,,720,1647,.437,126,422,.299,431,655,.658,377,1082,383,230,155,507,582,0
Virginia,31,19,12,.613,12.29,6.22,9,7,,,,,2526,2338,,,879,1950,.451,211,646,.327,557,822,.678,393,1125,440,272,95,484,659,0
Wagner,27,11,16,.407,-9.07,-9.72,6,12,,,,,2097,2040,,,778,1847,.421,208,597,.348,333,465,.716,370,957,464,309,55,445,551,0
Wake Forest,36,22,14,.611,14.20,8.95,7,9,,,,,2512,2323,,,911,2100,.434,159,515,.309,531,788,.674,517,1379,479,218,146,499,641,0
Washington State,28,6,22,.214,-1.91,7.66,1,17,,,,,1778,2046,,,613,1482,.414,171,464,.369,381,543,.702,331,879,301,180,68,497,590,0
Washington,30,10,20,.333,2.46,9.98,5,13,,,,,1981,2183,,,728,1767,.412,160,468,.342,365,551,.662,359,1053,399,200,116,498,569,0
Weber State,28,18,10,.643,1.98,0.46,10,6,,,,,2165,2056,,,724,1569,.461,177,491,.360,540,718,.752,281,984,434,201,66,537,537,0
West Virginia,28,14,14,.500,3.65,5.00,6,10,,,,,1974,2012,,,736,1634,.450,152,460,.330,350,536,.653,391,1046,433,203,123,471,504,0
Western Carolina,28,14,14,.500,-10.42,-4.94,7,9,,,,,2153,2248,,,813,1797,.452,167,520,.321,360,518,.695,368,1021,446,242,69,449,535,0
Western Illinois,30,8,22,.267,-9.75,-2.68,3,13,,,,,1975,2123,,,716,1640,.437,210,567,.370,333,488,.682,372,1062,482,201,49,556,534,0
Western Kentucky,29,11,18,.379,-4.00,-1.45,8,8,,,,,1995,2069,,,728,1642,.443,169,499,.339,370,558,.663,369,1112,384,153,119,528,578,0
Western Michigan,28,10,18,.357,-3.38,1.87,6,12,,,,,2044,2191,,,715,1682,.425,159,503,.316,455,668,.681,361,1003,360,194,70,440,636,0
Wichita State,29,12,17,.414,0.56,1.92,5,13,,,,,1925,1954,,,648,1593,.407,190,591,.321,439,621,.707,369,1014,407,241,58,453,680,0
William & Mary,28,11,17,.393,-5.55,-0.92,6,10,,,,,1922,1994,,,678,1593,.426,188,537,.350,378,535,.707,310,990,394,163,122,431,527,0
Winthrop ,30,21,9,.700,-1.04,-7.41,11,3,,,,,2193,1941,,,733,1719,.426,251,702,.358,476,717,.664,394,1171,406,215,104,474,584,1
Wisconsin ,36,22,14,.611,16.67,12.50,8,8,,,,,2157,2007,,,765,1793,.427,207,602,.344,420,617,.681,298,1107,478,236,102,408,658,1
Wofford,30,14,16,.467,-7.64,-2.89,8,8,,,,,2078,2184,,,721,1756,.411,214,634,.338,422,623,.677,370,1060,383,184,91,389,555,0
Wright State,28,11,17,.393,-5.22,-0.15,6,8,,,,,1717,1859,,,567,1309,.433,139,419,.332,444,603,.736,244,881,328,171,53,480,508,0
Wyoming,31,19,12,.613,6.88,2.84,8,6,,,,,2567,2401,,,916,2085,.439,222,635,.350,513,727,.706,450,1260,501,249,102,441,612,0
Xavier,33,21,12,.636,9.36,3.42,9,7,,,,,2481,2285,,,856,1979,.433,220,627,.351,549,773,.710,509,1260,474,261,118,540,599,0
Yale,27,7,20,.259,-15.73,-8.47,5,9,,,,,1585,1781,,,563,1436,.392,103,372,.277,356,530,.672,327,963,267,160,83,439,512,0
Youngstown State,28,12,16,.429,-8.07,-3.66,9,7,,,,,1876,1974,,,696,1593,.437,154,479,.322,330,484,.682,316,1039,410,198,94,29,622,0
